{
  "1": {
    "k": 1,
    "gen_tokens": 3072,
    "vllm:spec_decode_num_drafts": 1638,
    "vllm:spec_decode_num_draft_tokens": 1638,
    "vllm:spec_decode_num_accepted_tokens": 1430,
    "vllm:spec_decode_num_accepted_tokens_per_pos": [
      1430
    ],
    "accepted_per_draft": 0.873015873015873,
    "A_eff": 1.873015873015873,
    "alpha_per_pos": [
      0.873015873015873
    ]
  },
  "2": {
    "k": 2,
    "gen_tokens": 3072,
    "vllm:spec_decode_num_drafts": 1242,
    "vllm:spec_decode_num_draft_tokens": 2484,
    "vllm:spec_decode_num_accepted_tokens": 1830,
    "vllm:spec_decode_num_accepted_tokens_per_pos": [
      1083,
      747
    ],
    "accepted_per_draft": 1.4734299516908214,
    "A_eff": 2.4734299516908216,
    "alpha_per_pos": [
      0.8719806763285024,
      0.6014492753623188
    ]
  },
  "3": {
    "k": 3,
    "gen_tokens": 3072,
    "vllm:spec_decode_num_drafts": 1109,
    "vllm:spec_decode_num_draft_tokens": 3327,
    "vllm:spec_decode_num_accepted_tokens": 1967,
    "vllm:spec_decode_num_accepted_tokens_per_pos": [
      967,
      649,
      351
    ],
    "accepted_per_draft": 1.7736699729486023,
    "A_eff": 2.7736699729486025,
    "alpha_per_pos": [
      0.8719567177637512,
      0.5852119026149685,
      0.31650135256988277
    ]
  },
  "4": {
    "k": 4,
    "gen_tokens": 3072,
    "vllm:spec_decode_num_drafts": 1060,
    "vllm:spec_decode_num_draft_tokens": 4240,
    "vllm:spec_decode_num_accepted_tokens": 2006,
    "vllm:spec_decode_num_accepted_tokens_per_pos": [
      911,
      621,
      332,
      142
    ],
    "accepted_per_draft": 1.8924528301886792,
    "A_eff": 2.892452830188679,
    "alpha_per_pos": [
      0.8594339622641509,
      0.5858490566037736,
      0.3132075471698113,
      0.1339622641509434
    ]
  },
  "5": {
    "k": 5,
    "gen_tokens": 3072,
    "vllm:spec_decode_num_drafts": 1092,
    "vllm:spec_decode_num_draft_tokens": 5460,
    "vllm:spec_decode_num_accepted_tokens": 1986,
    "vllm:spec_decode_num_accepted_tokens_per_pos": [
      908,
      594,
      310,
      127,
      47
    ],
    "accepted_per_draft": 1.8186813186813187,
    "A_eff": 2.8186813186813184,
    "alpha_per_pos": [
      0.8315018315018315,
      0.5439560439560439,
      0.2838827838827839,
      0.1163003663003663,
      0.04304029304029304
    ]
  }
}